TICKER,NAME,DATES_IN,DATES_OUT,SECTOR
MMM,3M CO.,,,INDUSTRIALS
ABT,ABBOTT LABORATORIES INC.,,,HEALTHCARE
ABBV,ABBVIE INC.,20121231,,HEALTHCARE
ANF,ABERCROMBIE & FITCH CO.,20070328,20131221,CONSUMER CYCLICALS
ABMD,ABIOMED INC.,20180531,20221222,HEALTHCARE
ACN,ACCENTURE PLC,20110705,,TECHNOLOGY
ATVI,ACTIVISION BLIZZARD,20150828,20231018,TELECOMMUNICATIONS SERVICES
AYI,ACUITY BRANDS INC.,20160503,20180618,INDUSTRIALS
ADCT,ADC TELECOMMUNICATIONS INC.,,20070629,TELECOMMUNICATIONS SERVICES
ADBE,ADOBE SYSTEMS INC.,,,TECHNOLOGY
ADT,ADT CORP.,20121001,20160503,INDUSTRIALS
AAP,ADVANCE AUTO PARTS,20150708,20230825,CONSUMER CYCLICALS
AMD,ADVANCED MICRO DEVICES INC.,20170320,20130920,TECHNOLOGY
AES,AES CORP.,,,UTILITIES
AET,AETNA INC.,,20181129,HEALTHCARE
ACS,AFFILIATED COMPUTER SERVICES INC.,,20100129,TECHNOLOGY
AMG,AFFILIATED MANAGERS GROUP INC.,20140701,20191223,FINANCIALS
AFL,AFLAC INC.,,,FINANCIALS
A,AGILENT TECHNOLOGIES INC.,,,HEALTHCARE
GAS,AGL RESOURCES INC.,20111212,20160701,UTILITIES
APD,AIR PRODUCTS & CHEMICALS INC.,,,BASIC MATERIALS
ARG,AIRGAS INC.,20090928,20160523,BASIC MATERIALS
AKS,AK STEEL HOLDING CORP.,,20111216,BASIC MATERIALS
AKAM,AKAMAI TECHNOLOGIES INC.,,,TECHNOLOGY
ALK,ALASKA AIR GROUP INC.,20160513,20231218,INDUSTRIALS
ALB,ALBEMARLE CORP.,20160701,,BASIC MATERIALS
ABS,ALBERTSONS INC.,,20060525,CONSUMER NON CYCLICALS
AA,ALCOA INC.,,20161101,BASIC MATERIALS
ARE,ALEXANDRIA REAL ESTATE EQUITIES INC.,20170320,,REAL ESTATE
ALXN,ALEXION PHARMACEUTICALS INC.,20120521,20210721,HEALTHCARE
ALGN,ALIGN TECHNOLOGY INC.,20170619,,HEALTHCARE
AYE,ALLEGHENY ENERGY INC.,,20110225,UTILITIES
ATI,ALLEGHENY TECHNOLOGIES INC.,,20150702,BASIC MATERIALS
ALLE,ALLEGION PLC,20131202,,INDUSTRIALS
AGN,ALLERGAN PLC,,20150323,HEALTHCARE
BFH,BREAD FINANCIAL CORP.,20131221,20200622,INDUSTRIALS
LNT,ALLIANT ENERGY CORP.,20160701,,UTILITIES
ALL,ALLSTATE CORP.,,,FINANCIALS
AT,ALLTEL CORP.,,20071115,TELECOMMUNICATIONS SERVICES
ANR,ALPHA NATURAL RESOURCES INC.,20110601,20121002,ENERGY
ALTR,ALTERA CORP.,,20151229,TECHNOLOGY
MO,ALTRIA GROUP INC.,,,CONSUMER NON CYCLICALS
AMZN,AMAZON.COM INC.,,,CONSUMER CYCLICALS
AMBC,AMBAC FINANCIAL GROUP INC.,,20080620,FINANCIALS
AEE,AMEREN CORP.,,,UTILITIES
AAL,AMERICAN AIRLINES GROUP,20150323,,INDUSTRIALS
ACAS,AMERICAN CAPITAL LTD.,20070706,20090224,FINANCIALS
AEP,AMERICAN ELECTRIC POWER CO. INC.,,,UTILITIES
AXP,AMERICAN EXPRESS CO.,,,FINANCIALS
AIG,AMERICAN INTERNATIONAL GROUP INC.,,,FINANCIALS
AMT,AMERICAN TOWER REIT INC.,20071115,,REAL ESTATE
AWK,AMERICAN WATER WORKS COMPANY INC.,20160304,,UTILITIES
AMP,AMERIPRISE FINANCIAL INC.,20050930,,FINANCIALS
COR,CENCORA CORP.,,,HEALTHCARE
AME,AMETEK INC.,20130920,,INDUSTRIALS
AMGN,AMGEN INC.,,,HEALTHCARE
APH,AMPHENOL CORP.,20080929,,TECHNOLOGY
APC,ANADARKO PETROLEUM CORP.,,20190809,ENERGY
ADI,ANALOG DEVICES INC.,,,TECHNOLOGY
ANDW,ANDREW CORP.,,20060925,TELECOMMUNICATIONS SERVICES
BUD,ANHEUSER-BUSCH COS. INC.,,20081118,CONSUMER NON CYCLICALS
ANSS,ANSYS INC.,20170619,,TECHNOLOGY
AON,AON PLC,,,FINANCIALS
AOS,A.O. SMITH,20170726,,INDUSTRIALS
APA,APACHE CORP.,,,ENERGY
AIV,APARTMENT INVESTMENT & MANAGEMENT CO.,,20201221,REAL ESTATE
APOL,APOLLO GROUP INC.,,20130628,CONSUMER NON CYCLICALS
AAPL,APPLE INC.,,,TECHNOLOGY
ABI,APPLIED BIOSYSTEMS INC.,,20081118,HEALTHCARE
AMAT,APPLIED MATERIALS INC.,,,TECHNOLOGY
ADM,ARCHER DANIELS MIDLAND CO.,,,CONSUMER NON CYCLICALS
ARNC,ARCONIC INC.,20161101,20200401,BASIC MATERIALS
ANET,ARISTA NETWORKS INC.,20180628,,TECHNOLOGY
AJG,ARTHUR J. GALLAGHER & CO.,20160531,,FINANCIALS
ASH,ASHLAND INC.,,20081113,BASIC MATERIALS
AIZ,ASSURANT INC.,20070409,,FINANCIALS
T,AT&T INC.,,,TELECOMMUNICATIONS SERVICES
ATO,ATMOS ENERGY CORP.,20190215,,UTILITIES
ADSK,AUTODESK INC.,,,TECHNOLOGY
ADP,AUTOMATIC DATA PROCESSING INC.,,,TECHNOLOGY
AN,AUTONATION INC.,,20170808,CONSUMER CYCLICALS
ATUS,ALTICE USA INC,20101220,20160623,TELECOMMUNICATIONS SERVICES
AZO,AUTOZONE INC.,,,CONSUMER CYCLICALS
AVGO,BROADCOM LTD.,20140508,,TECHNOLOGY
AVB,AVALONBAY COMMUNITIES INC.,20070110,,REAL ESTATE
AV,AVAYA HOLDINGS CORP.,,20071025,TECHNOLOGY
AVY,AVERY DENNISON CORP.,,,BASIC MATERIALS
CAR,AVIS BUDGET GROUP INC.,,20060731,INDUSTRIALS
AVP,AVON PRODUCTS INC.,,20150323,CONSUMER NON CYCLICALS
BKR,BAKER HUGHES INC.,20170707,,ENERGY
BALL,BALL CORP.,,,BASIC MATERIALS
BAC,BANK OF AMERICA CORP.,,,FINANCIALS
BK,BANK OF NEW YORK MELLON CORP.,,,FINANCIALS
BXLT,BAXALTA,20150701,20160603,HEALTHCARE
BAX,BAXTER INTERNATIONAL INC.,,,HEALTHCARE
TFC,TRUIST FINANCIAL.,,,FINANCIALS
BEAM,BEAM INC.,,20140501,CONSUMER NON CYCLICALS
BDX,BECTON DICKINSON & CO.,,,HEALTHCARE
BBBY,BED BATH & BEYOND INC.,,20170726,CONSUMER CYCLICALS
BMS,BEMIS CO. INC.,20190607,20141205-20190611,BASIC MATERIALS
WRB,W.R. BERKLEY CORP.,20191205,,FINANCIALS
BRKb,BERKSHIRE HATHAWAY INC.,20101215,,FINANCIALS
BBY,BEST BUY CO. INC.,,,CONSUMER CYCLICALS
BIG,BIG LOTS INC.,,20130215,CONSUMER CYCLICALS
BIIB,BIOGEN IDEC INC.,,,HEALTHCARE
BJS,BJ SERVICES CO.,,20100429,ENERGY
BDK,BLACK & DECKER CORP.,,20100312,CONSUMER CYCLICALS
BLK,BLACKROCK INC.,20110401,,FINANCIALS
BMC,BMC SOFTWARE INC.,,20130910,TECHNOLOGY
BA,BOEING CO.,,,INDUSTRIALS
BWA,BORGWARNER INC.,20111216,,CONSUMER CYCLICALS
BXP,BOSTON PROPERTIES INC.,,,REAL ESTATE
BSX,BOSTON SCIENTIFIC CORP.,,,HEALTHCARE
BHF,BRIGHTHOUSE FINANCIAL CORP.,20170807,20190402,FINANCIALS
BMY,BRISTOL-MYERS SQUIBB CO.,,,HEALTHCARE
BRCM,BROADCOM CORP.,,20160201,TECHNOLOGY
BR,BROADRIDGE FINANCIAL SOLUTIONS INC.,20180618,,INDUSTRIALS
BFb,BROWN-FORMAN CORP.,,,CONSUMER NON CYCLICALS
BC,BRUNSWICK CORP.,,20080620,CONSUMER CYCLICALS
BNI,BURLINGTON NORTHERN SANTA FE,,20100215,INDUSTRIALS
BR1,BURLINGTON RESOURCES INC.,,20060323,ENERGY
CHRW,C.H. ROBINSON WORLDWIDE INC.,20070301,,INDUSTRIALS
BCR,C.R. BARD INC.,,20180103,HEALTHCARE
CA,CA TECHNOLOGIES INC.,,20181106,TECHNOLOGY
CVC,CABLEVISION SYSTEMS CORP.,20101217,20160622,CONSUMER CYCLICALS
CTRA,COTERRA ENERGY CORP.,20080620,,ENERGY
CAM,CAMERON INTERNATIONAL CORP.,,20160404,ENERGY
CPB,CAMPBELL SOUP CO.,,,CONSUMER NON CYCLICALS
COF,CAPITAL ONE FINANCIAL CORP.,,,FINANCIALS
CAH,CARDINAL HEALTH INC.,,,HEALTHCARE
CFN,CAREFUSION CORP.,20090831,20150318,HEALTHCARE
KMX,CARMAX INC.,20100628,20080328,CONSUMER CYCLICALS
CCL,CARNIVAL CORP.,,,CONSUMER CYCLICALS
CAT,CATERPILLAR INC.,,,INDUSTRIALS
CBOE,CBOE HOLDINGS INC.,20170301,,FINANCIALS
CBRE,CB RICHARD ELLIS GROUP INC.,,,REAL ESTATE
PARAA,PARAMOUNT GLOBAL CORP.,,,TELECOMMUNICATIONS SERVICES
CE,CELANESE CORP.,20181224,,BASIC MATERIALS
CELG,CELGENE CORP.,,20191121,HEALTHCARE
CNC,CENTENE CORP.,20160330,,HEALTHCARE
CNP,CENTERPOINT ENERGY INC.,,,UTILITIES
CTX,CENTEX CORP.,,20090818,FINANCIALS
LUMN,LUMEN TECHNOLOGIES INC.,,20230320,TELECOMMUNICATIONS SERVICES
CEPH,CEPHALON INC.,20081112,20111014,BASIC MATERIALS
CERN,CERNER CORP.,20100429,20220608,HEALTHCARE
CF,CF INDUSTRIES HOLDINGS INC.,,,BASIC MATERIALS
SCHW,CHARLES SCHWAB CORP.,,,FINANCIALS
CRL,CHARLES RIVER LABS,20210514,,HEALTHCARE
CHTR,CHARTER COMMUNICATIONS INC.,20160908,,TELECOMMUNICATIONS SERVICES
CHK,CHESAPEAKE ENERGY CORP.,,20180319,ENERGY
CVX,CHEVRON CORP.,,,ENERGY
CMG,CHIPOTLE MEXICAN GRILL INC.,20110427,,CONSUMER CYCLICALS
CB1,CHUBB CORP.,,20160116,FINANCIALS
CB,CHUBB LTD.,20100714,,FINANCIALS
CHD,CHURCH & DWIGHT,20151229,,CONSUMER NON CYCLICALS
CDW,CDW CORP.,20190923,,TECHNOLOGY
CIEN,CIENA CORP.,,20091218,TECHNOLOGY
CI,CIGNA CORP.,,,HEALTHCARE
XEC,CIMAREX ENERGY CO.,20140620,20200302,ENERGY
CINF,CINCINNATI FINANCIAL CORP.,,,FINANCIALS
CTAS,CINTAS CORP.,,,INDUSTRIALS
CSCO,CISCO SYSTEMS INC.,,,TECHNOLOGY
CIT,CIT GROUP INC.,,20090724,FINANCIALS
C,CITIGROUP INC.,,,FINANCIALS
CFG,CITIZENS FINANCIAL GROUP,20160201,,FINANCIALS
CTXS,CITRIX SYSTEMS INC.,20221003,,TECHNOLOGY
CLF,CLIFFS NATURAL RESOURCES INC.,20091218,20140402,BASIC MATERIALS
CLX,CLOROX CO.,,,CONSUMER NON CYCLICALS
CME,CME GROUP INC.,,,FINANCIALS
CMS,CMS ENERGY CORP.,,,UTILITIES
TPR,TAPESTRY INC.,,,CONSUMER CYCLICALS
KO,COCA-COLA CO.,,20160531,CONSUMER NON CYCLICALS
CCEP,COCA-COLA ENTERPRISES INC.,,,CONSUMER NON CYCLICALS
CTSH,COGNIZANT TECHNOLOGY SOLUTIONS CORP.,,,TECHNOLOGY
CL,COLGATE-PALMOLIVE CO.,,,CONSUMER NON CYCLICALS
CPGX,COLUMBIA PIPELINE PARTNERS L.P.,20150702,20160705,ENERGY
CMCSA,COMCAST CORP.,,,TELECOMMUNICATIONS SERVICES
CMA,COMERICA INC.,,,FINANCIALS
CDNS,CADENCE DESIGN SYSTEMS INC.,20170918,,TECHNOLOGY
CBH,COMMERCE BANCORP INC.,,20080331,FINANCIALS
CPRT,COPART INC.,20180702,,INDUSTRIALS
DXC,DXC TECHNOLOGY CORP.,20170403,20151201-20231003,TECHNOLOGY
CPWR,COMPUWARE CORP.,,20111231,TECHNOLOGY
CMVT,COMVERSE TECHNOLOGY INC.,,20070131,TELECOMMUNICATIONS SERVICES
CAG,CONAGRA FOODS INC.,,,CONSUMER NON CYCLICALS
CXO,CONCHO RESOURCES,20160222,20210121,ENERGY
COP,CONOCOPHILLIPS CO.,,,ENERGY
CNX,CONSOL ENERGY INC.,,20160304,ENERGY
ED,CONSOLIDATED EDISON INC.,,,UTILITIES
STZ,CONSTELLATION BRANDS INC.,,,CONSUMER NON CYCLICALS
CEG,CONSTELLATION ENERGY GROUP INC.,20220202,20120313,UTILITIES
CVG,CONVERGYS CORP.,,20091218,TECHNOLOGY
CBE,COOPER INDUSTRIES PLC,20111118,20090928-20121203,INDUSTRIALS
GLW,CORNING INC.,,,TECHNOLOGY
CTVA,CORTEVA INC.,20190603,,BASIC MATERIALS
COST,COSTCO WHOLESALE CORP.,,,CONSUMER NON CYCLICALS
COTY,COTY INC.,20160930,20200921,CONSUMER NON CYCLICALS
CVH,COVENTRY HEALTH CARE INC.,,20130508,HEALTHCARE
COV,COVIDIEN PLC,20070629-20110228,20090528-20150127,HEALTHCARE
CCI,CROWN CASTLE INTERNATIONAL CORP.,20120313,,REAL ESTATE
CSRA,CSRA INC.,20151201,20180404,TECHNOLOGY
CSX,CSX CORP.,,,INDUSTRIALS
CMI,CUMMINS INC.,,,INDUSTRIALS
CVS,CVS CAREMARK CORP.,,,HEALTHCARE
DHI,D.R. HORTON INC.,20050622,,CONSUMER CYCLICALS
DHR,DANAHER CORP.,,,HEALTHCARE
DRI,DARDEN RESTAURANTS INC.,,,CONSUMER CYCLICALS
DVA,DAVITA HEALTHCARE PARTNERS INC.,20080731,,HEALTHCARE
DF,DEAN FOODS CO.,,20130523,CONSUMER NON CYCLICALS
DE,DEERE & CO.,,,INDUSTRIALS
DELL,DELL INC.,,20131021,TECHNOLOGY
DLPH,DELPHI AUTOMOTIVE PLC,20121224,20201007,CONSUMER CYCLICALS
DAL,DELTA AIR LINES INC.,20130910,,INDUSTRIALS
DNR,DENBURY RESOURCES INC.,,20150323,ENERGY
XRAY,DENTSPLY INTERNATIONAL INC.,20081113,,HEALTHCARE
DVN,DEVON ENERGY CORP.,,,ENERGY
ATGE,ADTALEM GLOBAL EDUCATION INC.,,20121001,CONSUMER CYCLICALS
DO,DIAMOND OFFSHORE DRILLING INC.,20090220,20160930,ENERGY
DLR,DIGITAL REALTY TRUST,20160518,,REAL ESTATE
DDS,DILLARD'S INC.,,20081021,CONSUMER CYCLICALS
DTV,DIRECTV,20061130,20150729,CONSUMER CYCLICALS
DFS,DISCOVER FINANCIAL SERVICES,20070629,,FINANCIALS
WBD,WARNER BROS DISCOVERY INC.,20100301,,TELECOMMUNICATIONS SERVICES
DISCB,DISCOVERY COMMUNICATIONS INC.,20081017,20220403,TELECOMMUNICATIONS SERVICES
DISCK,DISCOVERY COMMUNICATIONS INC.,20140807,20220403,TELECOMMUNICATIONS SERVICES
DISH,DISH NETWORK CORP.,20170313,20230620,TELECOMMUNICATIONS SERVICES
DG,DOLLAR GENERAL CORP.,20121203,20070706,CONSUMER CYCLICALS
DLTR,DOLLAR TREE INC.,20111216,,CONSUMER CYCLICALS
D,DOMINION RESOURCES INC. (VIRGINIA),,,UTILITIES
DOV,DOVER CORP.,,,INDUSTRIALS
DOW,DOW CHEMICAL CO.,,,BASIC MATERIALS
KDP,DR PEPPER SNAPPLE GROUP INC.,20220621,20180702,CONSUMER NON CYCLICALS
DTE,DTE ENERGY CO.,,,UTILITIES
DUK,DUKE ENERGY CORP.,,,UTILITIES
DRE,DUKE REALTY CORP,20170726,20221003,REAL ESTATE
DNB,DUN & BRADSTREET CORP.,20120626,20170405,INDUSTRIALS
DYN,DYNEGY INC.,,20091218,UTILITIES
ETFC,E*TRADE FINANCIAL CORP.,,20201007,FINANCIALS
DD,E.I. DUPONT DE NEMOURS & CO.,20190402,20170901,BASIC MATERIALS
SSP,E.W. SCRIPPS CO.,,20080630,TELECOMMUNICATIONS SERVICES
EMN,EASTMAN CHEMICAL CO.,,,BASIC MATERIALS
ENPH,ENPHASE ENERGY,20210107,,TECHNOLOGY
KODK,EASTMAN KODAK CO.,,20101217,TECHNOLOGY
ETN,EATON CORP. PLC,,,INDUSTRIALS
EBAY,EBAY INC.,,,CONSUMER CYCLICALS
ECL,ECOLAB INC.,,,BASIC MATERIALS
EIX,EDISON INTERNATIONAL,,,UTILITIES
EW,EDWARDS LIFESCIENCES CORP.,20110331,,HEALTHCARE
EP,EL PASO CORP.,,20120517,ENERGY
EA,ELECTRONIC ARTS INC.,,,TELECOMMUNICATIONS SERVICES
LLY,ELI LILLY & CO.,,,HEALTHCARE
EMC,EMC CORP.,,20160908,TECHNOLOGY
EMR,EMERSON ELECTRIC CO.,,,INDUSTRIALS
ENDP,ENDO INTERNATIONAL,20150127,20170302,HEALTHCARE
VAL,VALARIS PLC,20120731,20091222-20160330,ENERGY
ETR,ENTERGY CORP.,,,UTILITIES
EVHC,ENVISION HEALTHCARE CORP.,20161202,20181011,HEALTHCARE
EOG,EOG RESOURCES INC.,,,ENERGY
EPAM,EPAM SYSTEMS ORF,20211214,,TECHNOLOGY
EQT,EQT CORP.,20221003,20181113,ENERGY
EFX,EQUIFAX INC.,,,INDUSTRIALS
EQIX,EQUINIX,20150323,,REAL ESTATE
EOP,EQUITY OFFICE PROPERTIES TRUST,,20070207,FINANCIALS
EQR,EQUITY RESIDENTIAL,,,REAL ESTATE
ESS,ESSEX PROPERTY TRUST INC.,20140402,,REAL ESTATE
EL,ESTEE LAUDER COS.,20060104,,CONSUMER NON CYCLICALS
EVRG,EVERGY,20180605,,UTILITIES
EXC,EXELON CORP.,,,UTILITIES
EXPE,EXPEDIA INC.,20070928,,CONSUMER CYCLICALS
EXPD,EXPEDITORS INTERNATIONAL OF WASHINGTON INC.,20071010,,INDUSTRIALS
ESRX,EXPRESS SCRIPTS INC.,,20181224,CONSUMER NON CYCLICALS
EXR,EXTRA SPACE STORAGE,20160119,,REAL ESTATE
XOM,EXXON MOBIL CORP.,,,ENERGY
FFIV,F5 NETWORKS INC.,20101217,,TECHNOLOGY
META,META PLATFORMS INC.,20131221,,TELECOMMUNICATIONS SERVICES
FDO,FAMILY DOLLAR STORES INC.,,20150708,CONSUMER CYCLICALS
FNM,FANNIE MAE,,20080910,FINANCIALS
FAST,FASTENAL CO.,20080910,,INDUSTRIALS
FTNT,FORTINET INC.,20181011,,TECHNOLOGY
FRT,FEDERAL REALTY INVESTMENT TRUST CO.,20160201,,REAL ESTATE
FHI,FEDERATED INVESTORS INC.,,20121231,FINANCIALS
FDX,FEDEX CORP.,,,INDUSTRIALS
FIS,FIDELITY NATIONAL INFORMATION SERVICES INC.,20061109,,TECHNOLOGY
KATE,KATE SPADE & CO.,,20120626,CONSUMER CYCLICALS
FITB,FIFTH THIRD BANCORP,,,FINANCIALS
FDC,FIRST DATA CORP.,,20070928,INDUSTRIALS
FHN,FIRST HORIZON NATIONAL CORP.,,20130621,FINANCIALS
FRC,FIRST REPUBLIC BANK,20190102,20230504,FINANCIALS
FSLR,FIRST SOLAR INC.,20091016-20221219,20170320,TECHNOLOGY
FE,FIRSTENERGY CORP.,,,UTILITIES
FI,FISERV INC.,,,TECHNOLOGY
FLIR,FLIR SYSTEMS INC.,20081231,20210514,TECHNOLOGY
FLS,FLOWSERVE CORP.,,20210322,INDUSTRIALS
FLR,FLUOR CORP.,,20190603,INDUSTRIALS
FMC,FMC CORP.,20090818,,BASIC MATERIALS
FTI,TECHNIPFMC PLC,20090528,20210212,ENERGY
FL,FOOT LOCKER INC.,20160404,20190819,CONSUMER CYCLICALS
F,FORD MOTOR CO.,,,CONSUMER CYCLICALS
FRX,FOREST LABORATORIES INC.,,20140701,HEALTHCARE
FTV,FORTIVE CORP.,20160705,,INDUSTRIALS
FBIN,FORTUNE BRANDS HOME & SECURITY,20160622,20221219,CONSUMER CYCLICALS
FOSL,FOSSIL GROUP INC.,20120403,20160105,CONSUMER CYCLICALS
BEN,FRANKLIN RESOURCES INC.,,,FINANCIALS
FDS,FACTSET RESEARCH SYSTEMS,20211220,,FINANCIALS
FRE,FREDDIE MAC,,20080910,FINANCIALS
FCX,FREEPORT-MCMORAN COPPER & GOLD INC.,,,BASIC MATERIALS
FLT,FLEETCOR TECHNOLOGIES INC.,20180620,,TECHNOLOGY
FSL,FREESCALE SEMICONDUCTOR INC.,,20061130,TECHNOLOGY
FTR,FRONTIER COMMUNICATIONS CORP.,,20170320,TELECOMMUNICATIONS SERVICES
GME,GAMESTOP CORP.,,20160425,CONSUMER CYCLICALS
TGNA,TEGNA INC.,,20170602,TELECOMMUNICATIONS SERVICES
GPS,GAP INC.,,20220203,CONSUMER CYCLICALS
GRMN,GARMIN LTD.,20121212,,INDUSTRIALS
IT,GARTNER INC.,20170405,,TECHNOLOGY
GTW,GATEWAY INC.,,20060731,TECHNOLOGY
GD,GENERAL DYNAMICS CORP.,,,INDUSTRIALS
GE,GENERAL ELECTRIC CO.,,,INDUSTRIALS
GGP,GENERAL GROWTH PROPERTIES INC.,20070629-20131210,20081112-20180628,FINANCIALS
GIS,GENERAL MILLS INC.,,,CONSUMER NON CYCLICALS
GM,GENERAL MOTORS COMPANY,20130606,,CONSUMER CYCLICALS
GPC,GENUINE PARTS CO.,,,CONSUMER CYCLICALS
GNW,GENWORTH FINANCIAL INC.,,20151118,FINANCIALS
GENZ,GENZYME GENERAL,,20110401,HEALTHCARE
GILD,GILEAD SCIENCES INC.,,,HEALTHCARE
G,GILLETTE CO.,,20050530,CONSUMER NON CYCLICALS
GPN,GLOBAL PAYMENTS,20160425,,TECHNOLOGY
GS,GOLDMAN SACHS GROUP INC.,,,FINANCIALS
GR,GOODRICH CORP.,,20120731,INDUSTRIALS
GT,GOODYEAR TIRE & RUBBER CO.,,20190227,CONSUMER CYCLICALS
GOOGL,GOOGLE INC.,20140403,,TELECOMMUNICATIONS SERVICES
GOOG,GOOGLE INC,20060323,,TELECOMMUNICATIONS SERVICES
HNZ,HEINZ CORP.,,20130606,CONSUMER NON CYCLICALS
KHC,THE KRAFT HEINZ COMPANY,20150702,,CONSUMER NON CYCLICALS
HRB,H&R BLOCK INC.,,20200921,CONSUMER CYCLICALS
KRFT,KRAFT FOODS GROUP INC.,20121002,20150702,CONSUMER NON CYCLICALS
HAL,HALLIBURTON CO.,,,ENERGY
HBI,HANESBRANDS,20150323,20211220,CONSUMER CYCLICALS
HOG,HARLEY-DAVIDSON INC.,,20200622,CONSUMER CYCLICALS
HAR,HARMAN INTERNATIONAL INDUSTRIES INC.,,20170316,CONSUMER CYCLICALS
LHX,L3HARRIS CORP.,20080916,,INDUSTRIALS
HIG,HARTFORD FINANCIAL SERVICES GROUP INC.,,,FINANCIALS
HAS,HASBRO INC.,,,CONSUMER CYCLICALS
HCA,HCA HOLDINGS INC.,20150127,20061116,HEALTHCARE
PEAK,HEALTHPICK PROPERTIES,20080331,,REAL ESTATE
HWM,HOWMET AEROSPACE INC.,20200401,,CONSUMER NON CYCLICALS-INDUSTRIALS
WELL,WELLTOWER INC.,20090126,,REAL ESTATE
HMA,HEALTH MANAGEMENT ASSOCIATES INC.,,20070301,HEALTHCARE
HP,HELMERICH & PAYNE INC.,20100301,,ENERGY
HSIC,HENRY SCHEIN,20150318,,HEALTHCARE
HPC,HERCULES INC.,,20081113,BASIC MATERIALS
HSY,HERSHEY CO.,,,CONSUMER NON CYCLICALS
HES,HESS CORP.,,,ENERGY
PKG,PACKAGING CORP. OF AMERICA,20170726,,BASIC MATERIALS
DINO,HF SINCLAIR,20180618,20210604,ENERGY
HPE,HEWLETT PACKARD ENTERPRISE CO.,20151102,,TECHNOLOGY
HSH,HILLSHIRE BRANDS CO.,,20120629,CONSUMER NON CYCLICALS
HLT,HILTON WORLDWIDE HOLDINGS INC.,20170619,,CONSUMER CYCLICALS
HOLX,HOLOGIC INC.,20160330,,HEALTHCARE
HD,HOME DEPOT INC.,,,CONSUMER CYCLICALS
HON,HONEYWELL INTERNATIONAL INC.,,,INDUSTRIALS
HRL,HORMEL FOODS CORP.,20090224,,CONSUMER NON CYCLICALS
HSP,HOSPIRA INC.,,20150902,HEALTHCARE
HST,HOST HOTELS & RESORTS INC.,20070312,,REAL ESTATE
HPQ,HP INC.,,,TECHNOLOGY
HU,HUDSON CITY BANCORP INC.,,20151102,FINANCIALS
HUM,HUMANA INC.,,,HEALTHCARE
HII,HUNTINGTON INGALLS INDUSTRIES INC.,20180103,,INDUSTRIALS
HBAN,HUNTINGTON BANCSHARES INC.,,,FINANCIALS
IAC,IAC/INTERACTIVECORP.,20061130,20080820,TECHNOLOGY
IEX,IDEX CORP.,20190809,,INDUSTRIALS
IDXX,IDEXX LABORATORIES INC.,20170105,,HEALTHCARE
INFO,IHS MARKIT LTD.,20170602,20220228,INDUSTRIALS
ITW,ILLINOIS TOOL WORKS INC.,,,INDUSTRIALS
ILMN,ILLUMINA INC.,20151119,,HEALTHCARE
INCY,INCYTE CORP.,20170228,,HEALTHCARE
IR,INGERSOLL-RAND PLC,20101117,20090604,INDUSTRIALS
TEG,INTEGRYS ENERGY GROUP INC.,20070207,20150701,UTILITIES
INTC,INTEL CORP.,,,TECHNOLOGY
ICE,INTERCONTINENTALEXCHANGE INC.,20070928,,FINANCIALS
IBM,INTERNATIONAL BUSINESS MACHINES CORP.,,,TECHNOLOGY
IFF,INTERNATIONAL FLAVORS & FRAGRANCES INC.,,,BASIC MATERIALS
IGT,INTERNATIONAL GAME TECHNOLOGY,,20140620,CONSUMER CYCLICALS
IP,INTERNATIONAL PAPER CO.,,,BASIC MATERIALS
IPG,INTERPUBLIC GROUP OF COS.,,,TELECOMMUNICATIONS SERVICES
IPGP,IPG PHOTONICS CORP.,20180307,20220621,TECHNOLOGY
INTU,INTUIT INC.,,,TECHNOLOGY
ISRG,INTUITIVE SURGICAL INC.,,,HEALTHCARE
IVZ,INVESCO LTD.,20080820,,FINANCIALS
IRM,IRON MOUNTAIN INC.,20090106,,REAL ESTATE
ITT,ITT CORP.,,20111031,INDUSTRIALS
JBHT,J.B. HUNT TRANSPORT SERVICES INC.,20150701,,INDUSTRIALS
JCP,J.C. PENNEY CO. INC.,,20131202,CONSUMER CYCLICALS
SJM,J.M. SMUCKER CO.,20081105,,CONSUMER NON CYCLICALS
JBL,JABIL CIRCUIT INC.,20231218,20141105,TECHNOLOGY
J,JACOBS ENGINEERING GROUP INC.,20071025,,INDUSTRIALS
JNS,JANUS CAPITAL GROUP INC.,,20111118,FINANCIALS
VIAV,JDS UNIPHASE CORP.,,20131221,TECHNOLOGY
JNJ,JOHNSON & JOHNSON,,,HEALTHCARE
JCI,JOHNSON CONTROLS INTERNATIONAL PLC,20100826,20160906,INDUSTRIALS
JNY,JONES GROUP INC.,,20090224,CONSUMER CYCLICALS
JOY,JOY GLOBAL INC.,20110225,20151007,BASIC MATERIALS
JPM,JPMORGAN CHASE & CO.,,,FINANCIALS
JNPR,JUNIPER NETWORKS INC.,20060525,,TECHNOLOGY
KSU,KANSAS CITY SOUTHERN,20130523,20211214,INDUSTRIALS
KBH,KB HOME,,20091218,CONSUMER CYCLICALS
K,KELLOGG CO.,,,CONSUMER NON CYCLICALS
GMCR,KEURIG GREEN MOUNTAIN INC.,20140321,20160307,CONSUMER NON CYCLICALS
KEY,KEYCORP.,,,FINANCIALS
KEYS,KEYSIGHT TECHNOLOGIES INC.,20181106,,TECHNOLOGY
KSE,KEYSPAN CORP.,,20070824,UTILITIES
KMB,KIMBERLY-CLARK CORP.,,,CONSUMER NON CYCLICALS
KIM,KIMCO REALTY CORP.,,,REAL ESTATE
KMI,KINDER MORGAN INC.,20120517,,ENERGY
KG,KING PHARMACEUTICALS INC.,,20101217,HEALTHCARE
KLAC,KLA-TENCOR CORP.,,,TECHNOLOGY
KSS,KOHL'S CORP.,,20200921,CONSUMER CYCLICALS
KR,KROGER CO.,,,CONSUMER NON CYCLICALS
BBWI,BATH AND BODY WORKS,,,CONSUMER CYCLICALS
LLL,L3HARRIS TECHNOLOGIES,,20190701,INDUSTRIALS
LH,LABORATORY CORP. OF AMERICA HOLDINGS,,,HEALTHCARE
LRCX,LAM RESEARCH CORP.,20120605,,TECHNOLOGY
LVS,LAS VEGAS SANDS,20191003,,CONSUMER CYCLICALS
LM,LEGG MASON INC.,,20161202,FINANCIALS
LEG,LEGGETT & PLATT INC.,,,CONSUMER CYCLICALS
LEH,LEHMAN BROTHERS HOLDINGS INC.,,20080916,FINANCIALS
LDOS,LEIDOS HOLDINGS INC.,20091218-20190809,20130920,TECHNOLOGY
LEN,LENNAR CORP.,20050530,,CONSUMER CYCLICALS
LIN,LINDEAG,20181231,,BASIC MATERIALS
JEF,JEFFERIES FINANCIAL GROUP,20070827,20190926,FINANCIALS
LVLT,LEVEL 3 COMMUNICATIONS INC.,20141105,20171013,TELECOMMUNICATIONS SERVICES
LXK,LEXMARK INTERNATIONAL INC.,,20121001,TECHNOLOGY
LIFE,LIFE TECHNOLOGIES CORP.,20081118,20140124,HEALTHCARE
LNC,LINCOLN NATIONAL CORP.,,20230918,FINANCIALS
LLTC,LINEAR TECHNOLOGY CORP.,,20170313,TECHNOLOGY
LKQ,LKQ CORP.,20160523,,CONSUMER CYCLICALS
LMT,LOCKHEED MARTIN CORP.,,,INDUSTRIALS
L,LOEWS CORP.,,,FINANCIALS
LO,LORILLARD INC.,20080620,20150611,CONSUMER NON CYCLICALS
LPX,LOUISIANA-PACIFIC CORP.,,20061109,BASIC MATERIALS
LOW,LOWE'S COS.,,,CONSUMER CYCLICALS
LSI,LSI CORP.,,20140508,TECHNOLOGY
LU,LUCENT TECHNOLOGIES INC.,,20061130,TECHNOLOGY
LW,LAMB WESTON HOLDINGS INC.,20181130,,CONSUMER NON CYCLICALS
LYB,LYONDELLBASELL INDUSTRIES N.V.,20120905,,BASIC MATERIALS
MTB,M&T BANK CORP.,,,FINANCIALS
MAC,MACERICH CO.,20130508,20191223,REAL ESTATE
M,MACY'S INC.,,,CONSUMER CYCLICALS
MNK,MALLINCKRODT GROUP INC.,20140818,20170726,HEALTHCARE
MTW,MANITOWOC CO.,20071115,20090831,INDUSTRIALS
MRNA,MODERNA,20210721,,HEALTHCARE
MRO,MARATHON OIL CORP.,,,ENERGY
MPC,MARATHON PETROLEUM CORP.,20110630,,ENERGY
MKTX,MARKETAXESS HOLDINGS INC.,20190701,,FINANCIALS
MAR,MARRIOTT INTERNATIONAL INC.,,,CONSUMER CYCLICALS
MMC,MARSH & MCLENNAN COS.,,,FINANCIALS
MI,MARSHALL & ILSLEY CORP.,,20110705,FINANCIALS
MLM,MARTIN MARIETTA MATERIALS INC.,20140702,,BASIC MATERIALS
MAS,MASCO CORP.,,,INDUSTRIALS
MEE,MASSEY ENERGY CO.,20080620,20110601,ENERGY
MA,MASTERCARD INTERNATIONAL LTD.,20080718,,TECHNOLOGY
MAT,MATTEL INC.,,20190607,CONSUMER CYCLICALS
MXIM,MAXIM INTEGRATED PRODUCTS INC.,20181129,20070926-20210824,TECHNOLOGY
MBI,MBIA INC.,,20091218,FINANCIALS
MFE,MCAFEE INC.,,20110228,TECHNOLOGY
MKC,MCCORMICK & CO. INC.,,,CONSUMER NON CYCLICALS
MCD,MCDONALD'S CORP.,,,CONSUMER CYCLICALS
MCK,MCKESSON CORP.,,,HEALTHCARE
MJN,MEAD JOHNSON NUTRITION CO.,20091218,20170619,CONSUMER NON CYCLICALS
MWV,MEADWESTVACO CORP.,,20150701,BASIC MATERIALS
MHS,MEDCO HEALTH SOLUTIONS INC.,,20120403,CONSUMER NON CYCLICALS
MDT,MEDTRONIC INC.,,,HEALTHCARE
MEL,MELLON FINANCIAL CORP.,,20070629,FINANCIALS
MRK,MERCK & CO. INC.,,,HEALTHCARE
MERQE,MERCURY INTERACTIVE INC.,,20060104,TECHNOLOGY
MDP,MEREDITH CORP.,,20110104,TELECOMMUNICATIONS SERVICES
MER,MERRILL LYNCH & CO. INC.,,20081231,FINANCIALS
MET,METLIFE INC.,,,FINANCIALS
MTD,METTLER-TOLEDO INTERNATIONAL INC.,20160906,,HEALTHCARE
MTG,MGIC INVESTMENT CORP.,,20081030,FINANCIALS
MGM,MGM RESORTS INTERNATIONAL,20170726,,CONSUMER CYCLICALS
CPRI,CAPRI HOLDINGS LTD.,20131113,20200512,CONSUMER CYCLICALS
MCHP,MICROCHIP TECHNOLOGY INC.,,,TECHNOLOGY
MU,MICRON TECHNOLOGY INC.,,,TECHNOLOGY
MSFT,MICROSOFT CORP.,,,TECHNOLOGY
MAA,MID-AMERICA APARTMENT COMMUNITIES INC.,20161202,,REAL ESTATE
MIL,MILLIPORE CORP.,,20100714,HEALTHCARE
MHK,MOHAWK INDUSTRIES INC.,20131221,,CONSUMER CYCLICALS
MOLX,MOLEX INC.,,20131210,INDUSTRIALS
TAP,MOLSON COORS BREWING CO.,,,CONSUMER NON CYCLICALS
MDLZ,MONDELEZ INTERNATIONAL INC.,20121002,,CONSUMER NON CYCLICALS
MON,MONSANTO CO.,,20180607,BASIC MATERIALS
MNST,MONSTER BEVERAGE CORP.,20120629,,CONSUMER NON CYCLICALS
MWW,MONSTER WORLDWIDE INC.,,20111216,INDUSTRIALS
MCO,MOODY'S CORP.,,,FINANCIALS
MS,MORGAN STANLEY,,,FINANCIALS
MOS,MOSAIC CO.,20110923,,BASIC MATERIALS
MMI,MOTOROLA MOBILITY HOLDINGS INC.,20110104,20120521,TECHNOLOGY
MSCI,MSCI INC,20180404,,FINANCIALS
MSI,MOTOROLA SOLUTIONS INC.,,,TECHNOLOGY
MUR,MURPHY OIL CORP.,,20170726,ENERGY
VTRS,VIATRIS INC.,,,HEALTHCARE
NBR,NABORS INDUSTRIES LTD.,,20150323,ENERGY
NDAQ,NASDAQ OMX GROUP INC.,20081021,,FINANCIALS
NCC,NATIONAL CITY CORP.,,20081231,FINANCIALS
NOV,NATIONAL OILWELL VARCO INC.,,,ENERGY
NSM,NATIONAL SEMICONDUCTOR CORP.,,20110923,TECHNOLOGY
NAVI,NAVIENT CORP.,20140501,20180605,FINANCIALS
NAV,NAVISTAR INTERNATIONAL CORP.,,20061219,INDUSTRIALS
VYX,NCR VOYIX CORP.,,20070928,TECHNOLOGY
NKTR,NEKTAR THERAPEUTICS,20180319,20191003,HEALTHCARE
NTAP,NETAPP INC.,,,TECHNOLOGY
NFLX,NETFLIX INC.,20101217,,TELECOMMUNICATIONS SERVICES
NOW,SERVICENOW INC.,20191121,,TECHNOLOGY
NYT,NEW YORK TIMES CO.,,20101217,TELECOMMUNICATIONS SERVICES
NWL,NEWELL RUBBERMAID INC.,,20230918,CONSUMER CYCLICALS
NFX,NEWFIELD EXPLORATION CO.,20101217,20190215,ENERGY
NEM,NEWMONT MINING CORP.,,,BASIC MATERIALS
NWS,NEWS CORP.,20150918,,TELECOMMUNICATIONS SERVICES
NEE,NEXTERA ENERGY INC.,,,UTILITIES
GASNICOR,NICOR INC.,,20111212,UTILITIES
NLSN,NIELSEN HOLDINGS N.V.,20130708,20221012,CONSUMER CYCLICALS
NKE,NIKE INC.,,,CONSUMER CYCLICALS
NI,NISOURCE INC.,,,UTILITIES
NE,NOBLE CORP.,20110118,20150720,ENERGY
NBL,NOBLE ENERGY INC.,,20201012,ENERGY
JWN,NORDSTROM INC.,,20200622,CONSUMER CYCLICALS
NSC,NORFOLK SOUTHERN CORP.,,,INDUSTRIALS
NFB,NORTH FORK BANCORPORATION INC.,,20061130,FINANCIALS
NCLH,NORWEGIAN CRUISE LINE HOLDINGS LTD.,20171013,,CONSUMER CYCLICALS
ES,EVERSOURCE ENERGY CO.,20090312,,UTILITIES
NTRS,NORTHERN TRUST CORP.,,,FINANCIALS
NOC,NORTHROP GRUMMAN CORP.,,,INDUSTRIALS
NOVL,NOVELL INC.,,20110427,TECHNOLOGY
NVLS,NOVELLUS SYSTEMS INC.,,20120605,TECHNOLOGY
NRG,NRG ENERGY INC.,20100129,,UTILITIES
NUE,NUCOR CORP.,,,BASIC MATERIALS
NVDA,NVIDIA CORP.,,,TECHNOLOGY
NVR,NVR INC.,20190926,,CONSUMER CYCLICALS
NYX,NYSE EURONEXT INC.,,20131113,FINANCIALS
OXY,OCCIDENTAL PETROLEUM CORP.,,,ENERGY
ODP,OFFICE DEPOT INC.,,20101217,CONSUMER CYCLICALS
OMX,OFFICEMAX INC.,,20080620,INDUSTRIALS
ODFL,OLD DOMINION FREIGHT LINE INC.,20191209,,INDUSTRIALS
OMC,OMNICOM GROUP INC.,,,TELECOMMUNICATIONS SERVICES
OKE,ONEOK INC.,20100312,,ENERGY
ORCL,ORACLE CORP.,,,TECHNOLOGY
ORLY,O'REILLY AUTOMOTIVE INC.,,,CONSUMER CYCLICALS
OI,OWENS-ILLINOIS INC.,20081231,20161202,BASIC MATERIALS
PCAR,PACCAR INC.,,,INDUSTRIALS
PTV,PACTIV CORP.,,20101117,BASIC MATERIALS
PLL,PALL CORP.,,20150828,INDUSTRIALS
PH,PARKER HANNIFIN CORP.,,,INDUSTRIALS
PDCO,PATTERSON COS. INC.,,20180319,HEALTHCARE
PAYX,PAYCHEX INC.,,,TECHNOLOGY
PAYC,PAYCOM INC,20200122,,TECHNOLOGY
PYPL,PAYPAL,20150720,,TECHNOLOGY
BTU,PEABODY ENERGY CORP.,20061116,20140920,ENERGY
PNR,PENTAIR LTD.,20121001,,INDUSTRIALS
PGL,PEOPLES ENERGY CORP.,,20070207,UTILITIES
PBCT,PEOPLE'S UNITED FINANCIAL INC.,20081110,20220404,FINANCIALS
POM,PEPCO HOLDINGS INC.,,20160330,UTILITIES
PBG,PEPSI BOTTLING GROUP INC.,,20100301,CONSUMER NON CYCLICALS
PEP,PEPSICO INC.,,,CONSUMER NON CYCLICALS
RVTY,REVVITY PERKINELMER INC.,,,HEALTHCARE
PRGO,PERRIGO CO.,20111216,20210920,HEALTHCARE
PETM,PETSMART INC.,20121010,20150312,CONSUMER CYCLICALS
PFE,PFIZER INC.,,,HEALTHCARE
PCG,PG&E CORP.,20221003,20190118,UTILITIES
PD,PHELPS DODGE CORP.,,20070312,BASIC MATERIALS
PM,PHILIP MORRIS INTERNATIONAL INC.,20080328,,CONSUMER NON CYCLICALS
POOL,POOL CORP,20201007,,CONSUMER CYCLICALS
PSX,PHILLIPS 66,20120423,,ENERGY
PNW,PINNACLE WEST CAPITAL CORP.,,,UTILITIES
PXD,PIONEER NATURAL RESOURCES CO.,20080929,,ENERGY
PBI,PITNEY BOWES INC.,,20170301,INDUSTRIALS
PCL,PLUM CREEK TIMBER CO. INC. REIT,,20160222,FINANCIALS
PMCS,PMC-SIERRA INC.,,20070629,TECHNOLOGY
PNC,PNC FINANCIAL SERVICES GROUP INC.,,,FINANCIALS
PPG,PPG INDUSTRIES INC.,,,BASIC MATERIALS
PPL,PPL CORP.,,,UTILITIES
PX,PRAXAIR INC.,,20181031,BASIC MATERIALS
PCP,PRECISION CASTPARTS CORP.,,20160201,INDUSTRIALS
BKNG,BOOKINGS HOLDINGS,20091103,,CONSUMER CYCLICALS
PFG,PRINCIPAL FINANCIAL GROUP INC.,,,FINANCIALS
PG,PROCTER & GAMBLE CO.,,,CONSUMER NON CYCLICALS
PGN,PROGRESS ENERGY INC.,,20120702,UTILITIES
PGR,PROGRESSIVE CORP.,,,FINANCIALS
PLD,PROLOGIS,,,REAL ESTATE
PVN,PROVIDIAN FINANCIAL CORP.,,20050930,FINANCIALS
PRU,PRUDENTIAL FINANCIAL INC.,,,FINANCIALS
PTC,PTC INC.,20210415,20061229,TECHNOLOGY
PEG,PUBLIC SERVICE ENTERPRISE GROUP INC.,,,UTILITIES
PSA,PUBLIC STORAGE,,,REAL ESTATE
PHM,PULTEGROUP INC.,,,CONSUMER CYCLICALS
PVH,PVH CORP.,20130215,20220919,CONSUMER CYCLICALS
QEP,QEP RESOURCES INC.,20100630,20150701,ENERGY
QLGC,QLOGIC CORP.,,20110118,TECHNOLOGY
QRVO,QORVO INC.,20150611,,TECHNOLOGY
QCOM,QUALCOMM INC.,,,TECHNOLOGY
PWR,QUANTA SERVICES INC.,20090604,,INDUSTRIALS
DGX,QUEST DIAGNOSTICS INC.,,,HEALTHCARE
STR,QUESTAR CORP.,20061130,20100630,UTILITIES
IMS,IMS HEALTH HOLDINGS INC,,20100301,TECHNOLOGY
IQV,IQVIA HOLDINGS INC.,20170829,,HEALTHCARE
Q,QWEST COMMUNICATIONS INTERNATIONAL INC.,,20110331,TELECOMMUNICATIONS SERVICES
EG,EVEREST RE GROUP LTD,20170619,,FINANCIALS
RRD,R.R. DONNELLEY & SONS CO.,,20121212,INDUSTRIALS
RSH,RADIOSHACK CORP.,,20110630,CONSUMER CYCLICALS
RL,RALPH LAUREN CORP.,20070131,,CONSUMER CYCLICALS
RRC,RANGE RESOURCES CORP.,20071220,20180618,ENERGY
RJF,RAYMOND JAMES FINANCIAL INC.,20170320,,FINANCIALS
RTN,RAYTHEON CO.,,20200403,INDUSTRIALS
HOUS,ANYWHERE REAL ESTATE CORP.,20060731,20070409,FINANCIALS
O,REALTY INCOME CORP.,20150407,,REAL ESTATE
RHT,RED HAT INC.,20090724,20190715,TECHNOLOGY
REG,REGENCY CENTERS CORP.,20170302,,REAL ESTATE
REGN,REGENERON PHARMACEUTICALS INC.,20130430,,HEALTHCARE
RF,REGIONS FINANCIAL CORP.,,,FINANCIALS
RSG,REPUBLIC SERVICES INC.,,,INDUSTRIALS
RMD,RESMED INC.,20170726,,HEALTHCARE
RAI,REYNOLDS AMERICAN INC.,,20170726,CONSUMER NON CYCLICALS
RHI,ROBERT HALF INTERNATIONAL INC.,,,INDUSTRIALS
ROK,ROCKWELL AUTOMATION INC.,,,INDUSTRIALS
COL,ROCKWELL COLLINS INC.,,20181130,INDUSTRIALS
ROL,ROLLINS INC.,20181001,,INDUSTRIALS
ROP,ROPER INDUSTRIES INC.,20091222,,INDUSTRIALS
ROST,ROSS STORES INC.,20091218,,CONSUMER CYCLICALS
RDC,ROWAN COS. INC.,,20140818,ENERGY
RCL,ROYAL CARIBBEAN CRUISES LTD.,20141205,,CONSUMER CYCLICALS
R,RYDER SYSTEM INC.,,20170619,INDUSTRIALS
SPGI,S&P GLOBAL,20150427,,FINANCIALS
SABR,SABRE HOLDINGS CORP.,,20070330,TECHNOLOGY
SAF,SAFECO CORP.,,20080929,FINANCIALS
SWY,SAFEWAY INC.,,20150127,CONSUMER NON CYCLICALS
CRM,SALESFORCE.COM INC.,20080910,,TECHNOLOGY
SNDK,SANDISK CORP.,,20160513,TECHNOLOGY
SANM,SANMINA CORP.,,20070629,TECHNOLOGY
SBAC,SBA COMMUNICATIONS CORP.,20170901,,REAL ESTATE
SCG,SCANA CORP.,20081231,20190102,UTILITIES
SGP,SCHERING-PLOUGH CORP.,,20091103,HEALTHCARE
SLB,SCHLUMBERGER LTD.,,,ENERGY
SNI,SCRIPPS NETWORKS INTERACTIVE INC. CL A,20080630,20180307,CONSUMER CYCLICALS
STX,SEAGATE TECHNOLOGY PLC,20120702,,TECHNOLOGY
SEE,SEALED AIR CORP.,,20231218,BASIC MATERIALS
SHLD,SEARS HOLDINGS CORP.,,20120905,CONSUMER CYCLICALS
SRE,SEMPRA ENERGY,,,UTILITIES
SHW,SHERWIN-WILLIAMS CO.,,,BASIC MATERIALS
SIAL,SIGMA-ALDRICH CORP.,,20151119,BASIC MATERIALS
SIG,SIGNET JEWELERS,20150729,20180319,CONSUMER CYCLICALS
SPG,SIMON PROPERTY GROUP INC.,,,REAL ESTATE
SWKS,SKYWORKS SOLUTIONS INC.,20150312,,TECHNOLOGY
SLG,SL GREEN REALTY,20150323,20210322,REAL ESTATE
JSM,SLM CORP.,,20140501,FINANCIALS
SII,SMITH INTERNATIONAL INC.,,20100826,ENERGY
SNA,SNAP-ON INC.,,,INDUSTRIALS
SLR,SOLECTRON CORP.,,20070928,INDUSTRIALS
SO,SOUTHERN CO.,,,UTILITIES
LUV,SOUTHWEST AIRLINES CO.,,,INDUSTRIALS
SWN,SOUTHWESTERN ENERGY CO.,,20170403,ENERGY
SOV,SOVEREIGN BANCORP INC.,,20090126,FINANCIALS
SE,SPECTRA ENERGY CORP.,20061229,20170228,ENERGY
S,SPRINT NEXTEL CORP.,,20130708,TELECOMMUNICATIONS SERVICES
STJ,ST. JUDE MEDICAL INC.,,20170105,HEALTHCARE
SWK,STANLEY BLACK & DECKER INC.,,,INDUSTRIALS
SPLS,STAPLES INC.,,20170918,CONSUMER CYCLICALS
SBUX,STARBUCKS CORP.,,,CONSUMER CYCLICALS
SBL,SYMBOL TECHNOLOGIES INC.,,20070110,TECHNOLOGY
HOT,STARWOOD HOTELS & RESORTS WORLDWIDE INC.,,20160922,CONSUMER CYCLICALS
STT,STATE STREET CORP.,,,FINANCIALS
SRCL,STERICYCLE INC.,20081118,20181203,INDUSTRIALS
SYK,STRYKER CORP.,,,HEALTHCARE
JAVA,SUN MICROSYSTEMS INC.,,20100129,TECHNOLOGY
SUNE,SUNEDISON INC.,,20111216,ENERGY
SUN,SUNOCO INC.,,20121010,ENERGY
STI,SUNTRUST BANKS INC.,,20191219,FINANCIALS
SVU,SUPERVALU INC.,,20120423,CONSUMER NON CYCLICALS
SIVB,SVB FINANCIAL GROUP,20180319,20230315,FINANCIALS
GEN,GEN DIGITAL INC.,,,TECHNOLOGY
SNPS,SYNOPSYS INC.,20170316,,TECHNOLOGY
SYF,SYNCHRONY FINANCIAL,20151118,,FINANCIALS
SNV,SYNOVUS FINANCIAL CORP.,,20071231,FINANCIALS
SYY,SYSCO CORP.,,,CONSUMER NON CYCLICALS
TROW,T. ROWE PRICE GROUP INC.,,,FINANCIALS
TTWO,TAKE-TWO INTERACTIVE SOFTWARE INC.,20180319,,TELECOMMUNICATIONS SERVICES
TGT,TARGET CORP.,,,CONSUMER CYCLICALS
TEL,TE CONNECTIVITY LTD.,20070629-20111014,20090625,TECHNOLOGY
TE,TECO ENERGY INC.,,20160701,UTILITIES
TEK,TEKTRONIX INC.,,20071115,TECHNOLOGY
TLAB,TELLABS INC.,,20111220,TECHNOLOGY
TIN,TEMPLE-INLAND INC.,,20071228,BASIC MATERIALS
THC,TENET HEALTHCARE CORP.,,20160418,HEALTHCARE
TDC,TERADATA CORP.,20070928,20170619,TECHNOLOGY
TER,TERADYNE INC.,20200921,20131221,TECHNOLOGY
TEX,TEREX CORP.,20061219,20081105,INDUSTRIALS
ANDV,ANDEAVOR INC.,20070926,20181001,ENERGY
TXN,TEXAS INSTRUMENTS INC.,,,TECHNOLOGY
TXT,TEXTRON INC.,,,INDUSTRIALS
COO,THE COOPER COMPANIES INC.,20160922,,HEALTHCARE
TRV,THE TRAVELERS COMPANIES INC.,,,FINANCIALS
TMO,THERMO FISHER SCIENTIFIC INC.,,,HEALTHCARE
TIF,TIFFANY & CO.,,20210107,CONSUMER CYCLICALS
TWC,TIME WARNER CABLE INC.,,20160620,CONSUMER CYCLICALS
TWX,TIME WARNER INC.,,20180620,CONSUMER CYCLICALS
TRB,TRIBUNE CO.,,20071220,CONSUMER CYCLICALS
TWTR,TWITTER INC,20180607,20221101,TELECOMMUNICATIONS SERVICES
TIE,TITANIUM METALS CORP.,,20121224,BASIC MATERIALS
TJX,TJX COS.,,,CONSUMER CYCLICALS
TMUS,T-MOBILE US INC.,20090625-20190715,20130430,TELECOMMUNICATIONS SERVICES
GL,GLOBE LIFE CORP.,,,FINANCIALS
TSS,TOTAL SYSTEM SERVICES INC.,20071231,20190923,TECHNOLOGY
TOY,TOYS R US HLDG. COS. INC.,,20050712,CONSUMER CYCLICALS
TSCO,TRACTOR SUPPLY CO.,20140124,,CONSUMER CYCLICALS
TDG,TRANSDIGM GROUP INC.,20160603,,INDUSTRIALS
TECH,BIO-TECHNE,20210824,,HEALTHCARE
RIG,TRANSOCEAN LTD.,20131021,20170726,ENERGY
TRIP,TRIPADVISOR INC.,20111220,20191223,TELECOMMUNICATIONS SERVICES
FOXA,21ST CENTURY FOX INC.,20130628,,TELECOMMUNICATIONS SERVICES
FOX,21ST CENTURY FOX INC.,20150918,,TELECOMMUNICATIONS SERVICES
TRMB,TRIMBLE INC.,20210121,,TECHNOLOGY
TSN,TYSON FOODS INC.,,,CONSUMER NON CYCLICALS
USB,U.S. BANCORP,,,FINANCIALS
UDR,UDR INC.,20160307,,REAL ESTATE
ULTA,ULTA SALON COSMETICS & FRAGRANCE INC.,20160418,,CONSUMER CYCLICALS
UA,UNDER ARMOUR INC.,20140501,20220621,CONSUMER CYCLICALS
UNP,UNION PACIFIC CORP.,,,INDUSTRIALS
UIS,UNISYS CORP.,,20081110,TECHNOLOGY
UAL,UNITED CONTINENTAL HOLDINGS,20150902,,INDUSTRIALS
UPS,UNITED PARCEL SERVICE INC.,,,INDUSTRIALS
URI,UNITED RENTALS INC.,20140920,,INDUSTRIALS
X,UNITED STATES STEEL CORP.,,20140702,BASIC MATERIALS
RTX,RAYTHEON TECHNOLOGIES CORP.,,,INDUSTRIALS
UNH,UNITEDHEALTH GROUP INC.,,,HEALTHCARE
UHS,UNIVERSAL HEALTH SERVICES INC.,20140920,,HEALTHCARE
UVN,UNIVISION COMMUNICATIONS INC.,,20070328,CONSUMER CYCLICALS
UNM,UNUM GROUP,,,FINANCIALS
URBN,URBAN OUTFITTERS INC.,20100129,20170320,CONSUMER CYCLICALS
VLO,VALERO ENERGY CORP.,,,ENERGY
VAR,VARIAN MEDICAL SYSTEMS INC.,20070207,20210415,HEALTHCARE
VNT,VONTIER INC,20201009,20210322,INDUSTRIALS
VTR,VENTAS INC.,20090224,,REAL ESTATE
VRSN,VERISIGN INC.,,,TECHNOLOGY
VRSK,VERISK ANALYTICS,20151007,,INDUSTRIALS
VRTS,VERITAS SOFTWARE CORP.,,20050622,TECHNOLOGY
VZ,VERIZON COMMUNICATIONS INC.,,,TELECOMMUNICATIONS SERVICES
VRTX,VERTEX PHARMACEUTICALS INC.,20130920,,HEALTHCARE
VFC,VF CORP.,,,CONSUMER CYCLICALS
VIA,VIACOM INC.,,20191205,CONSUMER CYCLICALS
V,VISA INC.,20091218,,TECHNOLOGY
VNO,VORNADO REALTY TRUST,,20230105,REAL ESTATE
VMC,VULCAN MATERIALS CO.,,,BASIC MATERIALS
GWW,W.W. GRAINGER INC.,,,INDUSTRIALS
WB,WACHOVIA CORP.,,20081231,FINANCIALS
WBA,WALGREEN CO.,,,CONSUMER NON CYCLICALS
WMT,WAL-MART STORES INC.,,,CONSUMER NON CYCLICALS
DIS,WALT DISNEY CO.,,,TELECOMMUNICATIONS SERVICES
GHC,GRAHAM HOLDINGS CO.,20071228,,CONSUMER CYCLICALS
WM,WASTE MANAGEMENT INC.,,,INDUSTRIALS
WAB,WESTINGHOUSE AIR BRAKE TECHNOLOGIES CORP.,20190227,,INDUSTRIALS
WAT,WATERS CORP.,,,HEALTHCARE
WFT,WEATHERFORD INTERNATIONAL LTD.,20050712,20090220,ENERGY
ELV,ELEVANCE HEALTH,,,HEALTHCARE
WCG,WELLCARE HEALTH PLANS INC.,20180917,20200122,HEALTHCARE
WFC,WELLS FARGO & CO.,,,FINANCIALS
WEN,WENDY'S CO.,,20080929,CONSUMER CYCLICALS
WDC,WESTERN DIGITAL CORP.,,,TECHNOLOGY
WU,WESTERN UNION CO.,20060925,20211220,TECHNOLOGY
WRK,WESTROCK CO,,,BASIC MATERIALS
WY,WEYERHAEUSER CO.,,,REAL ESTATE
WHR,WHIRLPOOL CORP.,,20240318,CONSUMER CYCLICALS
WFM,WHOLE FOODS MARKET INC.,,20170829,CONSUMER NON CYCLICALS
WMB,WILLIAMS COS.,,,ENERGY
WTW,WILLIS TOWERS WATSON,20160105,,FINANCIALS
WIN,WINDSTREAM HOLDINGS INC.,,20150407,TELECOMMUNICATIONS SERVICES
WEC,WISCONSIN ENERGY CORP.,20081030,,UTILITIES
WPX,WPX ENERGY INC.,20111231,20140321,ENERGY
TNL,TRAVEL LEISURE,20060731,20180531,CONSUMER CYCLICALS
WYNN,WYNN RESORTS LTD.,20081113,,CONSUMER CYCLICALS
XEL,XCEL ENERGY INC.,,,UTILITIES
XRX,XEROX CORP.,,20210322,TECHNOLOGY
XLNX,XILINX INC.,,20220215,TECHNOLOGY
XL,XL GROUP PLC,,20180917,FINANCIALS
XTO,XTO ENERGY INC.,,20100628,ENERGY
XYL,XYLEM INC.,20111031,,INDUSTRIALS
AABA,YAHOO! INC.,,20170619,FINANCIALS
YUM,YUM! BRANDS INC.,,,CONSUMER CYCLICALS
ZBH,ZIMMER BIOMET HOLDINGS INC.,,,HEALTHCARE
ZION,ZIONS BANCORP.,,20240318,FINANCIALS
ZTS,ZOETIS INC.,20130621,,HEALTHCARE
AMCR,AMCOR PLC,20190611,,BASIC MATERIALS
APTV,APTIV PLC,20121224,,CONSUMER CYCLICALS
BIO,BIO-RAD LABORATORIES INC.,20200622,,HEALTHCARE
CZR,CAESARS ENTERTAINMENT CORP.,20210322,,CONSUMER CYCLICALS
CARR,CARRIER GLOBAL CORP.,20200403,,INDUSTRIALS
CTLT,CATALENT INC. ,20200921,,HEALTHCARE
DXCM,DEXCOM INC.,20200521,,HEALTHCARE
FANG,DIAMONDBACK ENERGY INC.,20181203,,ENERGY
DPZ,DOMINO'S PIZZA INC.,20200512,,CONSUMER CYCLICALS
ETSY,ETSY,20200921,,CONSUMER CYCLICALS
GNRC,GENERAC HOLDINGS,20210322,,INDUSTRIALS
JKHY,JACK HENRY & ASSOCIATES INC.,20181113,,TECHNOLOGY
LYV,LIVE NATION ENTERTAINMENT INC.,20191223,,TELECOMMUNICATIONS SERVICES
MPWR,MONOLITHIC POWER SYSTEMS INC.,20210212,,TECHNOLOGY
NWSA,NEWS CORP CLASS A,20130801,,TELECOMMUNICATIONS SERVICES
NXPI,NXP SEMICONDUCTORS,20210322,,TECHNOLOGY
OTIS,OTIS WORLDWIDE,20200403,,INDUSTRIALS
PENN,PENN NATIONAL GAMING,20210322,20220919,CONSUMER CYCLICALS
STE,STERIS,20191223,,HEALTHCARE
TDY,TELEDYNE TECHNOLOGIES,20200622,,INDUSTRIALS
TFX,TELEFLEX,20190128,,HEALTHCARE
TSLA,TESLA INC.,20201221,,CONSUMER CYCLICALS
TYL,TYLER TECHNOLOGIES,20200622,,TECHNOLOGY
ZBRA,ZEBRA TECHNOLOGIES,20191223,,TECHNOLOGY
OGN,ORGANON & CO.,20210603,,HEALTHCARE
MTCH,MATCH GROUP INC.,20210920,,TELECOMMUNICATIONS SERVICES
SEDG,SOLAREDGE TECHNOLOGIES,20211220,20231218,TECHNOLOGY
SBNY,SIGNATURE BANK,20211220,20230315,FINANCIALS
NDSN,NORDSON,20220215,,INDUSTRIALS
MOH,MOLINA HEALTHCARE,20220228,,HEALTHCARE
CPT,CAMDEN PROPERTY TRUST,20220404,,REAL ESTATE
VICI,VICI PROPERTIES INC.,20220608,,REAL ESTATE
CSGP,COSTAR GROUP,20220919,,INDUSTRIALS
INVH,INVITATION HOMES,20220919,,REAL ESTATE
ON,ON SEMICONDUCTOR CORP.,20220621,,TECHNOLOGY
TRGP,TARGA RESOURCES CORP.,20221012,,ENERGY
ACGL,ARCH CAPITAL GROUP,20221101,,FINANCIALS
STLD,STEEL DYNAMICS,20221222,,BASIC MATERIALS
GEHC,GE HEALTHCARE TECHNOLOGIES INC.,20230104,,HEALTHCARE
PODD,INSULET CORP.,20230315,,HEALTHCARE
BG,BUNGE LTD.,20230315,,CONSUMER NON CYCLICALS
FICO,FAIR ISAAC CORP.,20230320,,TECHNOLOGY
AXON,AXON ENTERPRISE,20230504,,TECHNOLOGY
PANW,PALO ALTO NETWORKS INC.,20230620,,TECHNOLOGY
KVUE,KENVUE INC.,20230825,,CONSUMER NON CYCLICALS
ABNB,AIRBNB INC.,20230918,,TECHNOLOGY-SOFTWARE
BX,BLACKSTONE INC.,20230918,,FINANCIALS-STOCKS
VLTO,VERANTO,20231002,,TECHNOLOGY-STOCKS
LULU,LULULEMON ATHLETICA,20231018,,CONSUMER CYCLICALS-STOCKS
BLDR,BUILDERS FIRSTSOURCE INC.,20231218,,INDUSTRIALS-STOCKS
UBER,UBER TECHNOLOGIES INC.,20231218,,INDUSTRIALS-STOCKS
DECK,DECKERS OUTDOOR CORP.,20240318,,CONSUMER CYCLICALS-STOCKS
SMCI,SUPER MICRO COMPUTER INC.,20240318,,TECHNOLOGY-STOCKS
